INSERT INTO user (id, name, first_name, adress, phone_number, email_adress) VALUES 
(1, 'Jean', 'Dupont', '5 rue du village', '0554326585', 'jean.paul@gmail.com'),
(2, 'Thomas', 'Palmade', '4 rue de la ferme', '0548798562', 'thomas.palmade@gmail.com'),
(3, 'Pauline', 'Jeanne', '2 rue du milieu', '0645986532', 'pauline.jeanne@gmail.com'),
(4, 'Julie', 'Parker', '4 rue des palmiers', '0648953512', 'julie.parker@gmail.com'),
(5, 'Fred', 'Gauthier', '3 rue belle fontaines', '0634561298', 'fred.gauthier@gmail.com'),
(6, 'Helene', 'Ghost', '4 avenue des platanes', '0678934761', 'helene.ghost@gmail.com'),
(7, 'Jean', 'Jacques', '7 rue des Beaux-Arts', '0645197534', 'jean.jacques@gmail.com'),
(8, 'Paul', 'Bernard', '2 avenue du Général', '0654871505', 'paul.bernard@gmail.com'),
(9, 'Delphine', 'Delarieux', '10 rue des roseaux', '0664272508', 'delphine.delarieux@gmail.com'),
(10, 'Nathan', 'Beaupere', '15 rue des fleurs', '0674239758', 'nathan.beaupere@gmail.com'),
(11, 'Ted', 'REZE', '15 rue des mirabelles', '0674239758', 'Teddyrvb@gmail.com');




INSERT INTO book (id, title, author, number_page) VALUES
(1, 'Star Wars - Tout l''Art de Star Wars : L'' Ascension de Skywalker', 'Phil Szostak', 550),
(2, 'Intégrale Le Seigneur des Anneaux (Nouvelle traduction)', 'J.R.R. Tolkien', 1600),
(3, 'Le Hobbit', 'J.R.R. Tolkien', 408),
(4, 'Docker - Pratique des architectures à base de conteneurs - 2e éd.', 'Pierre-Yves Cloux', 304),
(5, 'Chine, toutes les bases de la cuisine chinoise', 'Margot Zhang', 144),
(6, 'Les Leçons de piano Partition', 'Béatrice Quoniam', 112),
(7, 'Algorithmique – Entraînez-vous et améliorez votre pratique de la programmation (exemples en Java)', 'Laurent Debrauwer', 200),
(8, 'L''Ordinateur Pas à pas pour les Nuls (Français)', 'Philip Escartin', 252),
(9, 'Nutrition de la force', 'Julien Venesson', 168),
(10, 'Les épices – Tout comprendre tout simplement', 'Stuart Farrimond', 224) ;



INSERT INTO exemplary (id, book_id) VALUES
(1, 1),
(2, 3),
(3, 3),
(4, 3),
(5, 2),
(6, 2),
(7, 2),
(8, 3),
(9, 3),
(10, 3),
(11, 3),
(12, 3),
(13, 3),
(14, 4),
(15, 4),
(16, 5),
(17, 5),
(18, 5),
(19, 5),
(20, 5),
(21, 6),
(22, 6),
(23, 6),
(24, 6),
(25, 6),
(26, 7),
(27, 7),
(28, 7),
(29, 8),
(30, 8),
(31, 8),
(32, 8),
(33, 8),
(34, 8),
(35, 8),
(36, 9),
(37, 9),
(38, 9),
(39, 9),
(40, 10),
(41, 10),
(42, 10),
(43, 10),
(44, 10),
(45, 10),
(46, 10),
(47, 10),
(48, 10),
(49, 10),
(50, 10),
(51, 10),
(52, 10),
(53, 10);

INSERT INTO loan (user_id, exemplary_id, starting_date, expired_date, to_confirm) VALUES
(3, 35, NOW() + INTERVAL -3 HOUR, NOW() + INTERVAL 30 DAY + INTERVAL -3 HOUR, 0),
(5, 32, NOW() + INTERVAL -8 HOUR, NOW() + INTERVAL 30 DAY + INTERVAL -8 HOUR, 0),
(6, 33, NOW() + INTERVAL -2 HOUR, NOW() + INTERVAL 30 DAY + INTERVAL -2 HOUR, 0),
(7, 41, NOW() + INTERVAL -5 HOUR, NOW() + INTERVAL 30 DAY - INTERVAL -5 HOUR, 0),
(4, 6, NOW() + INTERVAL -9 HOUR, NOW() + INTERVAL 30 DAY + INTERVAL -9 HOUR, 0),
(9, 34, NOW() + INTERVAL -30 DAY, NOW() + INTERVAL 30 DAY, 0),
(10, 10, NOW() + INTERVAL -30 DAY + INTERVAL -5 HOUR, NOW() + INTERVAL 30 DAY + INTERVAL -5 HOUR, 0), 
(3, 43, NOW() + INTERVAL -30 DAY + INTERVAL -6 HOUR, NOW() + INTERVAL -6 HOUR, 0),
(6, 7, NOW() + INTERVAL -30 DAY + INTERVAL -11 HOUR, NOW() + INTERVAL -7 HOUR, 0),
(4, 42, NOW() + INTERVAL -3 HOUR, NOW() + INTERVAL 60 DAY + INTERVAL -3 HOUR, 0),
(6, 9, NOW() + INTERVAL -28 DAY, NOW() + INTERVAL -1 HOUR, 0),
(6, 3, NOW() + INTERVAL -31 DAY + INTERVAL -30 MINUTE, NOW() + INTERVAL -30 MINUTE, 0),
(2, 18, NOW() + INTERVAL -60 DAY + INTERVAL -45 MINUTE, NOW() + INTERVAL -45 MINUTE, 0),
(2, 8, NOW() + INTERVAL -60 DAY + INTERVAL -15 MINUTE, NOW() + INTERVAL -15 MINUTE, 0),
(2, 1, NOW() + INTERVAL -3 DAY + INTERVAL -15 MINUTE, NOW() + INTERVAL -15 MINUTE, 1),
(9, 2, NOW() + INTERVAL -1 HOUR, NOW() + INTERVAL 30 DAY + INTERVAL -1 HOUR, 0),
(10, 1, NOW() + INTERVAL -30 SECOND, NOW() + INTERVAL 30 DAY + INTERVAL -30 SECOND, 0),
(4, 23, NOW() + INTERVAL -4 HOUR + INTERVAL -30 MINUTE + INTERVAL -45 SECOND, NOW() + INTERVAL 30 DAY + INTERVAL -4 HOUR + INTERVAL -30 MINUTE + INTERVAL -45 SECOND, 0),
(5, 4, NOW() + INTERVAL -7 SECOND, NOW() + INTERVAL 30 DAY + INTERVAL -7 SECOND, 0),
(1, 26, NOW() + INTERVAL -54 SECOND, NOW() + INTERVAL 30 DAY + INTERVAL -54 SECOND, 0),
(5, 5, NOW() + INTERVAL -3 HOUR, NOW() + INTERVAL 30 DAY + INTERVAL -3 HOUR, 0);

INSERT INTO booking (user_id, starting_date, book_id) VALUES
(11, NOW() + INTERVAL -3 HOUR , 1),
(3, NOW() + INTERVAL -5 SECOND, 2),
(7, NOW() + INTERVAL -1 SECOND, 2),
(10, NOW() + INTERVAL -3 SECOND, 2),
(8, NOW() + INTERVAL -2 SECOND, 2),
(9, NOW() + INTERVAL -6 SECOND, 2);
